-- phpMyAdmin SQL Dump
-- version 4.5.1
-- http://www.phpmyadmin.net
--
-- Host: 127.0.0.1
-- Generation Time: Nov 06, 2016 at 11:43 PM
-- Server version: 10.1.16-MariaDB
-- PHP Version: 5.6.24

SET SQL_MODE = "NO_AUTO_VALUE_ON_ZERO";
SET time_zone = "+00:00";


/*!40101 SET @OLD_CHARACTER_SET_CLIENT=@@CHARACTER_SET_CLIENT */;
/*!40101 SET @OLD_CHARACTER_SET_RESULTS=@@CHARACTER_SET_RESULTS */;
/*!40101 SET @OLD_COLLATION_CONNECTION=@@COLLATION_CONNECTION */;
/*!40101 SET NAMES utf8mb4 */;

--
-- Database: `pygame`
--

-- --------------------------------------------------------

--
-- Table structure for table `authorisation_keys`
--

CREATE TABLE `authorisation_keys` (
  `id` int(11) NOT NULL,
  `authorisation_key` varchar(32) NOT NULL,
  `name` varchar(32) NOT NULL,
  `active` tinyint(1) NOT NULL,
  `created_at` timestamp NOT NULL DEFAULT CURRENT_TIMESTAMP,
  `last_used_at` timestamp NOT NULL DEFAULT CURRENT_TIMESTAMP
) ENGINE=InnoDB DEFAULT CHARSET=latin1;

--
-- Dumping data for table `authorisation_keys`
--

INSERT INTO `authorisation_keys` (`id`, `authorisation_key`, `name`, `active`, `created_at`, `last_used_at`) VALUES
(1, 'ngyBtvxbC2dPQg2f8lmZMVAceGQo2q0s', 'Lewis', 1, '2016-10-23 15:39:15', '2016-10-23 15:39:15');

-- --------------------------------------------------------

--
-- Table structure for table `authorisation_tokens`
--

CREATE TABLE `authorisation_tokens` (
  `id` int(11) NOT NULL,
  `authorisation_token` varchar(32) NOT NULL,
  `authorisation_key_id` int(11) NOT NULL,
  `active` tinyint(1) NOT NULL DEFAULT '1',
  `created_at` timestamp NOT NULL DEFAULT CURRENT_TIMESTAMP,
  `last_used_at` timestamp NOT NULL DEFAULT CURRENT_TIMESTAMP
) ENGINE=InnoDB DEFAULT CHARSET=latin1;

--
-- Dumping data for table `authorisation_tokens`
--

INSERT INTO `authorisation_tokens` (`id`, `authorisation_token`, `authorisation_key_id`, `active`, `created_at`, `last_used_at`) VALUES
(1, 'ngyBtvxbC2dPQg2f8lmZMVAceGQo2q0s', 1, 1, '2016-10-23 15:41:35', '2016-10-23 15:41:35'),
(2, 'xYHfC7Bc3nerWXoVRzt7Ush0Hka2hpZc', 1, 0, '2016-10-23 16:33:38', '2016-10-23 16:33:38'),
(3, 'vUG5fKbl8HfIS7kgGQqBicZPU3YxgKSN', 1, 0, '2016-10-23 16:34:10', '2016-10-23 16:34:10'),
(4, '5cdKOsfTsGvmvZe0VW6bcFnIhJKXDesK', 1, 1, '2016-10-23 16:34:30', '2016-10-23 16:34:30'),
(5, 'tJIDcQzbYyMGhWy06DDsSHeUAK3GHQkE', 1, 1, '2016-10-23 16:48:19', '2016-10-23 16:48:19'),
(6, 'xKhjDZeUz8Ksc9qGPwmNkb9w2DS4OQ8a', 1, 1, '2016-10-23 17:01:51', '2016-10-23 17:01:51'),
(7, 'l5unJNgtk7OO7GQJyyz5DlIcM8vW0wED', 1, 1, '2016-10-23 17:02:39', '2016-10-23 17:02:39'),
(8, 'KVjom5adRYah7xSlrgpBH7lMeyN6Sylh', 1, 1, '2016-10-23 17:39:43', '2016-10-23 17:39:43'),
(9, '2w7h9ymtYJSptDnq8m4mVuGAi7rUeR3H', 1, 1, '2016-10-23 17:44:27', '2016-10-23 17:44:27'),
(10, 'z7fwM0rNn6hQdoknDlIBuUZf6zixlhbb', 1, 1, '2016-10-23 17:45:00', '2016-10-23 17:45:00'),
(11, 'MD9CuBrGwXNdJHPUshBZyFJbmliHIgUg', 1, 1, '2016-10-23 17:45:02', '2016-10-23 17:45:02'),
(12, 'freH4PXY6Qrvk6oCdF49I89tjCSoYHXh', 1, 1, '2016-10-23 17:45:47', '2016-10-23 17:45:47'),
(13, 'x1wqPH9YXimsLKICAxlFhEOkbxeO8bbQ', 1, 1, '2016-10-23 17:45:50', '2016-10-23 17:45:50'),
(14, 'WSRBuB3ZKtu6G3VjNszr0h7QPBOmc1ml', 1, 1, '2016-10-23 17:47:18', '2016-10-23 17:47:18'),
(15, '9NZ1pSDuSA3cywXvRLyeOVAJQ6fQWRgU', 1, 1, '2016-10-23 17:47:28', '2016-10-23 17:47:28'),
(16, 'yoNNPxt2YQPjsp3rgOUMPaAa93NWHzMY', 1, 1, '2016-10-23 17:59:12', '2016-10-23 17:59:12'),
(17, 'xAiP5X6gXavUAlKCY2wIAn43mV5YONOk', 1, 1, '2016-10-28 13:22:36', '2016-10-28 13:22:36'),
(18, '5YvsRchuqLaeiLmxoOCJdZ7EJTCFoBjC', 1, 1, '2016-10-28 13:23:10', '2016-10-28 13:23:10'),
(19, '8SeA7VYdpQj3uHuWj5cem6GLAlERsUjp', 1, 1, '2016-10-28 13:23:18', '2016-10-28 13:23:18'),
(20, 'GgrdSa9rTqYnc76RJRieZIKmWjby2IOH', 1, 1, '2016-10-28 13:24:27', '2016-10-28 13:24:27'),
(21, 'Iaal9UQaSv7bo3egE7TK8PjsNLdK71Ot', 1, 1, '2016-10-28 13:24:44', '2016-10-28 13:24:44'),
(22, 'gznYU91om5Mv6tRb4TYKMrm39IJrHOjL', 1, 1, '2016-10-28 13:24:51', '2016-10-28 13:24:51'),
(23, 'js67aTI7lbVkipYAZazfUzV90bLDL7jy', 1, 1, '2016-10-28 13:25:09', '2016-10-28 13:25:09'),
(24, 'RRjKW8TlPLAEZPBvpWFgybZKn8iklVOQ', 1, 1, '2016-10-28 13:25:24', '2016-10-28 13:25:24'),
(25, 'UK1ScSA4OQKscLJUkdfLGiyReBkwqeND', 1, 1, '2016-10-28 13:26:29', '2016-10-28 13:26:29'),
(26, 'r9fvX7LiiqoMTblPKZlLkUBsAyRdZ1iU', 1, 1, '2016-10-28 13:28:15', '2016-10-28 13:28:15'),
(27, 'u2XDeRs0hvyB67tfFfWhs1ayr1Sp4kiH', 1, 1, '2016-10-28 13:28:16', '2016-10-28 13:28:16'),
(28, '2rbgZ5DeL6cVNx69512h6De9NYp6E8NZ', 1, 1, '2016-10-28 13:28:22', '2016-10-28 13:28:22'),
(29, 'qAS04O8u87Q8y4JiPM0PUQn5gm5SRUPz', 1, 1, '2016-10-28 13:42:01', '2016-10-28 13:42:01'),
(30, 'YvfgKh6EPs1u60BuUoXS3BDoV5MdlOW5', 1, 1, '2016-10-28 13:48:13', '2016-10-28 13:48:13'),
(31, '5lTofPkXJbmJ0tdz1iCNfKNfErriJrNM', 1, 1, '2016-10-28 13:51:28', '2016-10-28 13:51:28'),
(32, '7yt2nxBNLv659pAASI8yLnkGbUicYeCP', 1, 1, '2016-10-28 14:27:28', '2016-10-28 14:27:28'),
(33, 'b0Ep2I7EwTtTvviSj2GNOqeoka2THdHZ', 1, 1, '2016-10-28 14:28:48', '2016-10-28 14:28:48'),
(34, '114vbdL03HTQtr4INSnQQ1oYZiei4Iux', 1, 1, '2016-10-28 14:29:09', '2016-10-28 14:29:09'),
(35, 'LXkhcn8ZMMkcm7uEgRJylYDCXVh4VHhD', 1, 1, '2016-10-28 14:29:26', '2016-10-28 14:29:26'),
(36, 'PpvERyFPxaH0HecVHbhNn1wk5c1LEGmN', 1, 1, '2016-10-28 14:29:43', '2016-10-28 14:29:43'),
(37, 'ombw1eGaN3ykyPpIE0lxVzVyIXgWSaXs', 1, 1, '2016-10-28 14:29:55', '2016-10-28 14:29:55'),
(38, 'sOmUGoc0ysV8UW7Z5lTNXBOgQd0DB82B', 1, 1, '2016-10-28 14:30:04', '2016-10-28 14:30:04'),
(39, '2K2MQ4elNlNrKykL2aWxu9dutZfOPCCg', 1, 1, '2016-10-28 14:30:13', '2016-10-28 14:30:13'),
(40, '2vc2EGzMAJxKhHlLJdGaomMPfJn4KpFJ', 1, 1, '2016-10-28 14:33:09', '2016-10-28 14:33:09'),
(41, 'AUqFqVK03jc4Y8XG9ZMb2YQqBGULkda0', 1, 1, '2016-10-28 14:34:51', '2016-10-28 14:34:51'),
(42, 'ji1upXSR0bnxiQv80hJKlk0X3lOQl972', 1, 1, '2016-10-28 15:05:12', '2016-10-28 15:05:12'),
(43, 'ojE6tyeOxSXlN8NiYFfJhjfhspg1IOiy', 1, 1, '2016-10-28 15:05:12', '2016-10-28 15:05:12'),
(44, 'ZONd2E5hy41EMVBWryfeIMY7mZdIAYYA', 1, 1, '2016-10-28 15:05:31', '2016-10-28 15:05:31'),
(45, '5OrP5fre5LBshdT5pVLdELcsL3FTXE86', 1, 1, '2016-10-28 15:05:31', '2016-10-28 15:05:31'),
(46, 'FkzWEliG7XGKh0GJROMI5eWiFCCzPOO7', 1, 1, '2016-10-28 15:05:41', '2016-10-28 15:05:41'),
(47, 'LkdyIXEEEEgyMhYSPbiH1daC4G4KctYE', 1, 1, '2016-10-28 15:05:41', '2016-10-28 15:05:41'),
(48, 'mPlGh3w6GQkRM4Mwi4jbsGUsYf1q4DEF', 1, 1, '2016-10-28 15:06:31', '2016-10-28 15:06:31'),
(49, 'rQZilES4cxUFhm4FgsPboE8NoktBriOb', 1, 1, '2016-10-28 15:06:32', '2016-10-28 15:06:32'),
(50, '2l8pTKJweJZXh9RjJkPFP8RCiTqhksud', 1, 1, '2016-10-28 15:06:54', '2016-10-28 15:06:54'),
(51, '8mL1Xl5uLqzLMrasHIlFL66XHXSsH7EJ', 1, 1, '2016-10-28 15:06:54', '2016-10-28 15:06:54'),
(52, 'JRU8wrWWNCD4MdX6aBm9cAPNBwP8zhkK', 1, 1, '2016-10-28 15:07:30', '2016-10-28 15:07:30'),
(53, 'ORxKA3iUkjdSgvff8YS88y480BhjWWuh', 1, 1, '2016-10-28 15:07:31', '2016-10-28 15:07:31'),
(54, 'R89ammviagi2TBRTDz2NXUaeZO6ai1b4', 1, 1, '2016-10-28 15:17:27', '2016-10-28 15:17:27'),
(55, 'ucKwkScRYLAl3zepCv01ijeGabLkORWs', 1, 1, '2016-10-28 15:17:27', '2016-10-28 15:17:27'),
(56, 'BLQnMUoWhLn8H27q7WtL8dNDQ3V0Qccl', 1, 1, '2016-10-28 15:17:46', '2016-10-28 15:17:46'),
(57, 'dPrJJr5w5gEqQ0vV6SsZsCS51rAbm2XJ', 1, 1, '2016-10-28 15:17:46', '2016-10-28 15:17:46'),
(58, 'knxActhBogreutnWAjVJiwr2HjKQnndC', 1, 1, '2016-10-28 15:28:52', '2016-10-28 15:28:52'),
(59, 'Wr9W90YabLJwDrLsAfUXDVvuSGp1UeX0', 1, 1, '2016-10-28 15:28:52', '2016-10-28 15:28:52'),
(60, '30fOC1afuLwjhUDt4GnHsP4ryyzGVzdT', 1, 1, '2016-10-28 15:34:09', '2016-10-28 15:34:09'),
(61, 'F4QazyRPifOBqS1Z3CmVNe9TJVeRrpYh', 1, 1, '2016-10-28 15:34:10', '2016-10-28 15:34:10'),
(62, 'NCW12A3TBfAp4lU0y3PED8IQpNowtKeb', 1, 1, '2016-10-28 15:34:19', '2016-10-28 15:34:19'),
(63, 'pGxnZ7KtoKSHdihvxZNTYxMiAa3HZAZz', 1, 1, '2016-10-28 15:34:19', '2016-10-28 15:34:19'),
(64, 'wfEes9WyHKFuRLaw2qhCNslfg2em0Wfs', 1, 1, '2016-10-28 15:34:24', '2016-10-28 15:34:24'),
(65, '8jfApGD8vfXN0Jx21mfR8RqHrqTxxM0Q', 1, 1, '2016-10-28 15:34:24', '2016-10-28 15:34:24'),
(66, 'fRlsSHPcOfKAEcq3vNJAYLZE7i3cy7gJ', 1, 1, '2016-10-28 15:37:32', '2016-10-28 15:37:32'),
(67, 'RVWOPewMBK1SNaOzvJHOia36iFIn4X07', 1, 1, '2016-10-28 15:37:33', '2016-10-28 15:37:33'),
(68, 'Yu2FhgIRUKOFsDGAZaby84C3YxS26ig0', 1, 1, '2016-10-28 15:37:46', '2016-10-28 15:37:46'),
(69, 'ByD1fNprIe6YBB46Z69MttGv9UxdC91o', 1, 1, '2016-10-28 15:37:46', '2016-10-28 15:37:46'),
(70, 'I6KSHPBv1eTLf4X6txCwjngsPMHSDuhh', 1, 1, '2016-10-28 15:39:47', '2016-10-28 15:39:47'),
(71, 'kaleFli5PJb3o2kCstBKDMkU09m3ak2F', 1, 1, '2016-10-28 15:39:47', '2016-10-28 15:39:47'),
(72, 'rJr57nua7JXR2vdDXU4ttGTRG1wJbFiy', 1, 1, '2016-10-28 15:46:48', '2016-10-28 15:46:48'),
(73, '3N2s5UbJVef9btA9WQ3IO5XjRpbTHv3X', 1, 1, '2016-10-28 15:46:48', '2016-10-28 15:46:48'),
(74, 'al8jxWnOee2WPWtarhwrDZxfxhlzJQiQ', 1, 1, '2016-10-28 15:50:42', '2016-10-28 15:50:42'),
(75, 'MpJFvt4o2JkeYURGqdvGYoBHIE0JfH3e', 1, 1, '2016-10-28 15:50:43', '2016-10-28 15:50:43'),
(76, 'UYQwXugtkJ72CnJHUEYpOiaEowapg2j7', 1, 1, '2016-10-28 15:50:56', '2016-10-28 15:50:56'),
(77, 'w2rSV1X28dokLl7cUAWD8He6zTPzNS4v', 1, 1, '2016-10-28 15:50:57', '2016-10-28 15:50:57'),
(78, 'DAxJn397rdb7pOZdo1qnYBO3fLZfOdko', 1, 1, '2016-10-28 15:52:05', '2016-10-28 15:52:05'),
(79, 'fE86lAQHfItqyMnJoXoBj1Svq8Epk35M', 1, 1, '2016-10-28 15:52:05', '2016-10-28 15:52:05'),
(80, 'mdeXNC2LxIgddegKSoSl9Vrs60O5mplF', 1, 1, '2016-10-28 15:55:52', '2016-10-28 15:55:52'),
(81, 'YhQjK9JlldyvmcDgRkQztkvUhotfSf53', 1, 1, '2016-10-28 15:55:53', '2016-10-28 15:55:53'),
(82, '5PWadaVqEdki0FwhmLkjje5RXgDVTAlW', 1, 1, '2016-10-28 16:00:02', '2016-10-28 16:00:02'),
(83, 'ITxwaHC0sICB9DUMlHixED9j8Di5qq6l', 1, 1, '2016-10-28 16:00:03', '2016-10-28 16:00:03'),
(84, 'PsDnDJO4LIpoN6MNQ8LgtxIgOvtLrLme', 1, 1, '2016-10-28 16:02:08', '2016-10-28 16:02:08'),
(85, 'rweKAgvEydHGW4ajP5KvOWMIZS8WXC7C', 1, 1, '2016-10-28 16:02:08', '2016-10-28 16:02:08'),
(86, 'y4kB3iHJRcuuAx2kjwdeEQmFFKiBZXnv', 1, 1, '2016-10-28 16:02:26', '2016-10-28 16:02:26'),
(87, 'a8WX0OojFHLMJvqQjsctZfq7Q7XMvN8T', 1, 1, '2016-10-28 16:02:26', '2016-10-28 16:02:26'),
(88, 'hH2OtQAnYHyznYjRNTFcO9Z4w07rw8oM', 1, 1, '2016-10-28 16:03:16', '2016-10-28 16:03:16'),
(89, 'TLDaqnhXLcQRwWGnNPDq9y3wHnMC3Y8a', 1, 1, '2016-10-28 16:03:17', '2016-10-28 16:03:17'),
(90, 'veKcyJ9f6E22tuuNxc7cBfZvyBHpHKm9', 1, 1, '2016-10-28 16:03:41', '2016-10-28 16:03:41'),
(91, 'FULxOC1zXgfPqjyx4Kvqe0dGM5i41rNL', 1, 1, '2016-10-28 16:03:42', '2016-10-28 16:03:42'),
(92, 'OTzfIzMn85JTUp3wp1OtsSBtosxJ5IbY', 1, 1, '2016-10-29 14:31:18', '2016-10-29 14:31:18'),
(93, 'fd7uKCF5gmtzDo8FeeKBRNS4UAEibzE0', 1, 1, '2016-10-29 14:31:19', '2016-10-29 14:31:19'),
(94, 'c3aeha4jT7ILRSIkxVadMdE9UegmMVBx', 1, 1, '2016-10-29 14:33:48', '2016-10-29 14:33:48'),
(95, 'DnIukcX11nsrAROum86lb8VKpmnUSM3z', 1, 1, '2016-10-29 14:33:48', '2016-10-29 14:33:48'),
(96, 'AcMeRKmeE9HDOlo8GPwY6yHQq0ZYt816', 1, 1, '2016-10-29 14:34:26', '2016-10-29 14:34:26'),
(97, '1wktTNgXMprjxktiv2s5vtXqV96xzZt7', 1, 1, '2016-10-29 14:34:26', '2016-10-29 14:34:26'),
(98, 'YmneqlEapaGvLO3WOJSIqTJwVMJBbmrE', 1, 1, '2016-10-29 14:34:41', '2016-10-29 14:34:41'),
(99, 'pGWttoyTxrqbuN86DVOPQO07rVQ9hdTG', 1, 1, '2016-10-29 14:34:42', '2016-10-29 14:34:42'),
(100, 'mvZe0VW6bcFnIhJKXDesKeMcrysdSzRd', 1, 1, '2016-10-29 14:35:25', '2016-10-29 14:35:25'),
(101, 'NPxt2YQPjsp3rgOUMPaAa93NWHzMYqjf', 1, 1, '2016-10-29 14:35:25', '2016-10-29 14:35:25'),
(102, 'KEAdAwe2WeDfFKoz5xAc4APTXlbQzMhM', 1, 1, '2016-10-29 14:35:32', '2016-10-29 14:35:32'),
(103, 'bZ9tCz8L4unVnJtIUJwkuv5ustipFDJN', 1, 1, '2016-10-29 14:35:32', '2016-10-29 14:35:32'),
(104, '8Ocd96xYHfC7Bc3nerWXoVRzt7Ush0Hk', 1, 1, '2016-10-29 14:35:45', '2016-10-29 14:35:45'),
(105, 'z8Ksc9qGPwmNkb9w2DS4OQ8aYf21nR9m', 1, 1, '2016-10-29 14:35:45', '2016-10-29 14:35:45'),
(106, 'wXNdJHPUshBZyFJbmliHIgUgYTE5Yd6T', 1, 1, '2016-10-29 14:36:01', '2016-10-29 14:36:01'),
(107, 'XimsLKICAxlFhEOkbxeO8bbQu2LE44zV', 1, 1, '2016-10-29 14:36:01', '2016-10-29 14:36:01'),
(108, 'U7pdii7QdjARv8oZvfEr3BXWuFnHFqwr', 1, 1, '2016-10-29 14:36:56', '2016-10-29 14:36:56'),
(109, 'lrXslk1ymzkye7t8jrAzswdxZOugMhZt', 1, 1, '2016-10-29 14:36:56', '2016-10-29 14:36:56'),
(110, 'ig0cSSpMZkzJsB4ND90bnWZC0r6knEW0', 1, 1, '2016-10-29 14:37:39', '2016-10-29 14:37:39'),
(111, 'JAzsUVju7BiqbA9XslWjMRgdvAdTtvp2', 1, 1, '2016-10-29 14:37:40', '2016-10-29 14:37:40'),
(112, 'GqCcstHIKmxBp4JBM3mWHh2jveQW4Rmz', 1, 1, '2016-10-29 14:38:40', '2016-10-29 14:38:40'),
(113, '7KaruwBqSChi83OLAfi36cjT1mXvaIPB', 1, 1, '2016-10-29 14:38:40', '2016-10-29 14:38:40'),
(114, '4zec13ZDvowtmxppUXIG1C5Z10zzL4M7', 1, 1, '2016-10-29 14:38:54', '2016-10-29 14:38:54'),
(115, 'vTMr46TmDEga5vuzJ9ENqxlAx8G8SVf9', 1, 1, '2016-10-29 14:38:54', '2016-10-29 14:38:54'),
(116, 'sJPcBEizgpvliZ4d3Q4qlX7GxMibthcG', 1, 1, '2016-10-29 14:39:08', '2016-10-29 14:39:08'),
(117, 'T3nrDHbioGf21Y9nR30yKSog2VpKz9EI', 1, 1, '2016-10-29 14:39:08', '2016-10-29 14:39:08'),
(118, 'QSrbaeAv2rudfsJ2bKqaFiam3y1OavCf', 1, 1, '2016-10-29 14:39:31', '2016-10-29 14:39:31'),
(119, 'hcZrdhteaIeUYrPb0Xmi5drXyH9ngm4g', 1, 1, '2016-10-29 14:39:31', '2016-10-29 14:39:31'),
(120, 'e12bKPSrNtt5cVpQkENVZDd2ykLqRI2N', 1, 1, '2016-10-29 14:40:05', '2016-10-29 14:40:05'),
(121, 'FmAqMSL9VJcMVUuZ8RI2pytD4tSZYzuP', 1, 1, '2016-10-29 14:40:06', '2016-10-29 14:40:06'),
(122, 'CbEbkqanyvrX9o4Esy9FjYfJ47u3zVsm', 1, 1, '2016-10-29 14:40:29', '2016-10-29 14:40:29'),
(123, '3vcqms45GLbESn9NhL4NJTwjzfBCFNUo', 1, 1, '2016-10-29 14:40:29', '2016-10-29 14:40:29'),
(124, '0kfbT0sjjwqP6RKsAsvpDjipATdFg9SV', 1, 1, '2016-10-29 14:41:20', '2016-10-29 14:41:20'),
(125, 'rFOqW3m1rNawPQPCpFqx3ez051kem0kW', 1, 1, '2016-10-29 14:41:20', '2016-10-29 14:41:20'),
(126, 'ouRatBKf4ypH3jpgJmR9XEl56FXiYmit', 1, 1, '2016-10-29 14:41:55', '2016-10-29 14:41:55'),
(127, 'POpqvEEXdO9oMiuqyzMhnzBGBO4R4dKv', 1, 1, '2016-10-29 14:41:56', '2016-10-29 14:41:56'),
(128, 'MDsa2b3bQAoz0M44RgdUiZnMBrGUFzI2', 1, 1, '2016-10-29 14:42:50', '2016-10-29 14:42:50'),
(129, 'dX1q5eWTYQ8gJLaeGt81HUEn7ANtLra4', 1, 1, '2016-10-29 14:42:51', '2016-10-29 14:42:51'),
(130, 'aN4aCMl6BBmrWfKS0azEClqs7dpxmN7A', 1, 1, '2016-10-29 14:53:51', '2016-10-29 14:53:51'),
(131, 'B7CpEPePJS68FeP2PnuM1gH3Cmw6sEAC', 1, 1, '2016-10-29 14:53:52', '2016-10-29 14:53:52'),
(132, 'xWFacmD2mDljTIpH84VoWGt9D08940x9', 1, 1, '2016-10-29 15:18:29', '2016-10-29 15:18:29'),
(133, 'ZgepepwLuT50CHuQXhQwlBJJ88gIaR0b', 1, 1, '2016-10-29 15:18:29', '2016-10-29 15:18:29'),
(134, 'V6h9LXVY7FkbQb5vhYh8g1vP8MSMLdXI', 1, 1, '2016-10-29 15:19:34', '2016-10-29 15:19:34'),
(135, 'nqPpO0PHfV4SzaaE6acgFWMqEUZlR5qK', 1, 1, '2016-10-29 15:19:35', '2016-10-29 15:19:35'),
(136, 'jfS9lydUTGj3NEKjpSDTAmyvEyBosrng', 1, 1, '2016-10-29 15:19:55', '2016-10-29 15:19:55'),
(137, 'LzrpnA7D1X3KwCPse4y00hP6aHIXyiQi', 1, 1, '2016-10-29 15:19:55', '2016-10-29 15:19:55'),
(138, 'Hou9U8vQEIiVK6q7yMZDUHBcakk1aENP', 1, 1, '2016-10-29 15:20:09', '2016-10-29 15:20:09'),
(139, '9J2oXbpyMY2Ct5vgnYULkCRMFtsAgvgR', 1, 1, '2016-10-29 15:20:09', '2016-10-29 15:20:09'),
(140, '5y69uJOMpKgNHz5VGGlne2DSG64DRRdo', 1, 1, '2016-10-29 15:21:17', '2016-10-29 15:21:17'),
(141, 'xSEowMHux00uqya5vSgvEXUtbfbcXIFp', 1, 1, '2016-10-29 15:21:18', '2016-10-29 15:21:18'),
(142, 'tHH84j6IaMfFE2KJPAH7ynGzbTNgy5DW', 1, 1, '2016-10-29 15:21:35', '2016-10-29 15:21:35'),
(143, 'V2fo6mZqi2Zmm1QTEMCfYiX9H1UPEW5Y', 1, 1, '2016-10-29 15:21:35', '2016-10-29 15:21:35'),
(144, 'RRj8DUoEWNexAvqxXu3SSIJfHFwSgi3v', 1, 1, '2016-10-29 15:26:31', '2016-10-29 15:26:31'),
(145, 'jbRoGXhm44YejuvHMGZZiDZQcNDrm9vx', 1, 1, '2016-10-29 15:26:32', '2016-10-29 15:26:32'),
(146, 'f0U8duGAHPdpxY5l6opCc3LVdrgvXvt3', 1, 1, '2016-10-29 15:32:15', '2016-10-29 15:32:15'),
(147, 'HksnfxAiP5X6gXavUAlKCY2wIAn43mV5', 1, 1, '2016-10-29 15:32:15', '2016-10-29 15:32:15'),
(148, 'Daw8M5YvsRchuqLaeiLmxoOCJdZ7EJTC', 1, 1, '2016-10-29 15:35:55', '2016-10-29 15:35:55'),
(149, '5u4nP8SeA7VYdpQj3uHuWj5cem6GLAlE', 1, 1, '2016-10-29 15:35:55', '2016-10-29 15:35:55'),
(150, '1j77mGgrdSa9rTqYnc76RJRieZIKmWjb', 1, 1, '2016-10-29 15:37:55', '2016-10-29 15:37:55'),
(151, 'tDGnoIaal9UQaSv7bo3egE7TK8PjsNLd', 1, 1, '2016-10-29 15:37:56', '2016-10-29 15:37:56'),
(152, 'ptJ7WgznYU91om5Mv6tRb4TYKMrm39IJ', 1, 1, '2016-10-29 15:38:20', '2016-10-29 15:38:20'),
(153, 'RNhnYjs67aTI7lbVkipYAZazfUzV90bL', 1, 1, '2016-10-29 15:38:20', '2016-10-29 15:38:20'),
(154, 'NCk7vRRjKW8TlPLAEZPBvpWFgybZKn8i', 1, 1, '2016-10-29 15:41:52', '2016-10-29 15:41:52'),
(155, 'fWTmyUK1ScSA4OQKscLJUkdfLGiyReBk', 1, 1, '2016-10-29 15:41:52', '2016-10-29 15:41:52'),
(156, 'bLW75r9fvX7LiiqoMTblPKZlLkUBsAyR', 1, 1, '2016-10-29 15:43:01', '2016-10-29 15:43:01'),
(157, 'D6um7u2XDeRs0hvyB67tfFfWhs1ayr1S', 1, 1, '2016-10-29 15:43:01', '2016-10-29 15:43:01'),
(158, 'zVx7E2rbgZ5DeL6cVNx69512h6De9NYp', 1, 1, '2016-10-29 15:44:39', '2016-10-29 15:44:39'),
(159, '1f6mH5lTofPkXJbmJ0tdz1iCNfKNfErr', 1, 1, '2016-10-29 15:44:40', '2016-10-29 15:44:40'),
(160, 'X496eCJ7114vbdL03HTQtr4INSnQQ1oY', 1, 1, '2016-10-29 15:46:07', '2016-10-29 15:46:07'),
(161, 'ppHmgFDP9hOcUcQaSUPXTmlji1upXSR0', 1, 1, '2016-10-29 15:46:07', '2016-10-29 15:46:07'),
(162, 'leL6Od13N23n8GqPcBfANM7ojE6tyeOx', 1, 1, '2016-10-29 15:49:04', '2016-10-29 15:49:04'),
(163, 'NyjlQgVLVjN4RFwY0ObIdHnZONd2E5hy', 1, 1, '2016-10-29 15:49:05', '2016-10-29 15:49:05'),
(164, 'Jnm6nOkYy42f596DkvBk7795OrP5fre5', 1, 1, '2016-10-29 15:54:06', '2016-10-29 15:54:06'),
(165, 'bHUlqQdHGlMWO8bM9Ixsx2qFkzWEliG7', 1, 1, '2016-10-29 15:54:07', '2016-10-29 15:54:07'),
(166, '7xY6XoCUj6172CLrspX5rscLkdyIXEEE', 1, 1, '2016-10-29 15:55:22', '2016-10-29 15:55:22'),
(167, 'zRwlZrvDrmLOLBRAhCTcRntmPlGh3w6G', 1, 1, '2016-10-29 15:55:22', '2016-10-29 15:55:22'),
(168, 'vGz5wZUQ48ZZZ5rfBjjPMNfrQZilES4c', 1, 1, '2016-10-29 16:54:16', '2016-10-29 16:54:16'),
(169, 'X07lz2NzcoJGI4woqwfWbIv2l8pTKJwe', 1, 1, '2016-10-29 16:54:40', '2016-10-29 16:54:40'),
(170, 'TQb56zcMP9YRVx63JdGz68h8mL1Xl5uL', 1, 1, '2016-10-29 16:54:40', '2016-10-29 16:54:40'),
(171, 'laJk8C6vYqIyEwbdypBHv3yJRU8wrWWN', 1, 1, '2016-10-29 16:54:57', '2016-10-29 16:54:57'),
(172, 'hZM5GauIBbXJS0MRS72jqtkORxKA3iUk', 1, 1, '2016-10-29 16:54:58', '2016-10-29 16:54:58'),
(173, 'JjkkIdoqJrHqBZR1HjXrPoBpnGR89amm', 1, 1, '2016-10-29 16:56:16', '2016-10-29 16:56:16'),
(174, 'F8o5fKMEmdWBPtrF01o4KOnvnkucKwkS', 1, 1, '2016-10-29 16:56:17', '2016-10-29 16:56:17'),
(175, '6tWkiNGmutGiyswPPdjb9JD5SsBLQnMU', 1, 1, '2016-10-29 16:57:23', '2016-10-29 16:57:23'),
(176, '3iZ4Pl5A7eVtMW6t9VKO49pbT6dPrJJr', 1, 1, '2016-10-29 16:57:33', '2016-10-29 16:57:33'),
(177, 'uCykRoYifvEavVcDY7FVu4GMoeknxAct', 1, 1, '2016-10-29 16:57:33', '2016-10-29 16:57:33'),
(178, 'rrB4oWnwSgTlJpMihP6yousRoSWr9W90', 1, 1, '2016-10-29 16:58:38', '2016-10-29 16:58:38'),
(179, 'SM9jrYge0wD2soRr611GOpJsU130fOC1', 1, 1, '2016-10-29 16:58:38', '2016-10-29 16:58:38'),
(180, 'PBc4YwFsEiSdGSr6qJsiIPvyUEF4Qazy', 1, 1, '2016-10-29 16:59:10', '2016-10-29 16:59:10'),
(181, 'gVLj0zyaMyCUpQwffVnq8KL8qNNCW12A', 1, 1, '2016-10-29 16:59:10', '2016-10-29 16:59:10'),
(182, 'dKO4y7XnpjR5Dk7UyDO32axeqqpGxnZ7', 1, 1, '2016-10-29 16:59:34', '2016-10-29 16:59:34'),
(183, 'E4mjAaR6xABMmjc3nPJas5OPVzwfEes9', 1, 1, '2016-10-29 16:59:34', '2016-10-29 16:59:34'),
(184, 'BUp37HfjalQXzNMIHxaNmvAVWd8jfApG', 1, 1, '2016-10-29 17:00:23', '2016-10-29 17:00:23'),
(185, '2eYjaK92iBAEiMRSwJ5UMqRvrlfRlsSH', 1, 1, '2016-10-29 17:00:23', '2016-10-29 17:00:23'),
(186, 'Z313HixfVnPPwgrwPrwxHQDBrZRVWOPe', 1, 1, '2016-10-29 17:00:39', '2016-10-29 17:00:39'),
(187, 'qnzjJlrY3DywffxGEDrF6MTcX7Yu2Fhg', 1, 1, '2016-10-29 17:00:39', '2016-10-29 17:00:39'),
(188, 'ndD3gSPbGpNHtJ7kYlSh1cFhXLByD1fN', 1, 1, '2016-10-29 17:01:15', '2016-10-29 17:01:15'),
(189, 'OxbijVJTPFxocIcuMxNpq7WSsUI6KSHP', 1, 1, '2016-10-29 17:01:16', '2016-10-29 17:01:16'),
(190, 'Lme3Qt87sqMzqcM86ee2lxIYtxkaleFl', 1, 1, '2016-10-29 17:02:30', '2016-10-29 17:02:30'),
(191, 'cGMiSw1PAHwg9bRiVr99KsZyYGrJr57n', 1, 1, '2016-10-29 17:02:30', '2016-10-29 17:02:30'),
(192, '9vQ2q4q3dsLrnFsXf8AMFSKEZj3N2s5U', 1, 1, '2016-10-29 17:03:06', '2016-10-29 17:03:06'),
(193, 'AQois6jLlIv86Dx63lvU4N1fusal8jxW', 1, 1, '2016-10-29 17:03:07', '2016-10-29 17:03:07'),
(194, 'xFr2ZEIZYuKjk77Ln2WwZdNku6MpJFvt', 1, 1, '2016-10-29 17:03:31', '2016-10-29 17:03:31'),
(195, 'YZZi2HCH6Ku036cUcfREo84V0eUYQwXu', 1, 1, '2016-10-29 17:03:32', '2016-10-29 17:03:32'),
(196, 'VO32zf0VJvIbhANzwWigjyQ10Sw2rSV1', 1, 1, '2016-10-29 17:03:48', '2016-10-29 17:03:48'),
(197, 'm9BhBiUDSMsSZzSIk9eoJt7Cv0DAxJn3', 1, 1, '2016-10-29 17:03:48', '2016-10-29 17:03:48'),
(198, 'Smyv3fnTLxqUf4E9dbwISI1cX1CGGXhL', 1, 1, '2016-11-01 18:24:38', '2016-11-01 18:24:38'),
(199, 'xGfVFaNFRy3wjF07KS6wn0klVp8FCVv5', 1, 1, '2016-11-01 18:28:56', '2016-11-01 18:28:56'),
(200, 'GvsRNAIWs3cESLRzL4bPnN7Zoi993pfV', 1, 1, '2016-11-01 18:39:25', '2016-11-01 18:39:25'),
(201, 'lP9iqu8Ix3PgVmdxiLKDS5p8mFF9Zntg', 1, 1, '2016-11-01 18:39:39', '2016-11-01 18:39:39'),
(202, 'uDmdxU3Y8zYnut4ZkXPVSRdMPyGDqQd5', 1, 1, '2016-11-01 18:40:41', '2016-11-01 18:40:41'),
(203, '9X3EaOtKezCZy4qXREpJm9vVNVcDmPrq', 1, 1, '2016-11-01 18:40:58', '2016-11-01 18:40:58'),
(204, 'fA6JnLpsw8MuGhXaik8kmP3kjUV099sI', 1, 1, '2016-11-01 18:46:05', '2016-11-01 18:46:05'),
(205, 'g5xc6Bj1tOEEljipbbrbX2Ph8XFxGyGl', 1, 1, '2016-11-01 18:47:03', '2016-11-01 18:47:03'),
(206, 'M4talVI5VZ1jwP8azygw4K7IswVAJrot', 1, 1, '2016-11-01 18:47:08', '2016-11-01 18:47:08'),
(207, 'NyUE4LCESFTtbQtqsqznGXTFizF7hQB6', 1, 1, '2016-11-01 18:47:59', '2016-11-01 18:47:59'),
(208, 'iyQCi61JkQh8mnjbRMnJMFa6C7U9kJke', 1, 1, '2016-11-01 18:49:28', '2016-11-01 18:49:28'),
(209, 'j2h62WVihw9i1oFrKEGzoSX2raFHR8xR', 1, 1, '2016-11-01 18:49:50', '2016-11-01 18:49:50'),
(210, 'P2d4ggkmJHwXcUvc80vVuAeuLJUJU1gZ', 1, 1, '2016-11-01 18:50:06', '2016-11-01 18:50:06'),
(211, 'QwEy06eVGno7SWQs1SOM6N0qBMEgsqtC', 1, 1, '2016-11-01 18:50:26', '2016-11-01 18:50:26'),
(212, 'mvAwerD08yLM2sGcpfC7dvhSVkUjvkcK', 1, 1, '2016-11-01 18:50:36', '2016-11-01 18:50:36'),
(213, 'n01ZXgxz5eDWIt1si6VYOI4OKnEQ3Ipo', 1, 1, '2016-11-01 18:51:21', '2016-11-01 18:51:21'),
(214, 'TZXYcBWDxp0BS0SdGtKkVqlg4WUS5C8w', 1, 1, '2016-11-01 18:51:29', '2016-11-01 18:51:29'),
(215, 'TuorVrRcu5SLy1dtzl3axD7cTZEpD0l9', 1, 1, '2016-11-01 18:52:27', '2016-11-01 18:52:27'),
(216, 'ptkqaLghWggqIx3eXHRwDlpEexTsGU3h', 1, 1, '2016-11-01 18:52:39', '2016-11-01 18:52:39'),
(217, 'qXLTTBaQTW8AozouQzanfybA3BEZejhU', 1, 1, '2016-11-01 18:53:25', '2016-11-01 18:53:25'),
(218, 'WXHS8WzUl7vfy5effWZImgs2n9T1hcZ2', 1, 1, '2016-11-01 18:55:06', '2016-11-01 18:55:06'),
(219, 'Xr8lRMttiNnpe6Av8NizXtfYccDzOBdF', 1, 1, '2016-11-01 18:56:59', '2016-11-01 18:56:59'),
(220, 'tr4j56SyKYK4oDqfwa6V4bwqxKTBRuVN', 1, 1, '2016-11-01 18:57:26', '2016-11-01 18:57:26'),
(221, 'tVvNPWM7HECe4ELvp2pLGnimmOD8pT9r', 1, 1, '2016-11-01 18:58:23', '2016-11-01 18:58:23'),
(222, 'ZUrL3hbb9PZUeaBgNoe7M5AOGmTbsMRz', 1, 1, '2016-11-01 19:01:33', '2016-11-01 19:01:33'),
(223, '0pSfN65K6vS4UcWwGgxYoimKvpDIZb5c', 1, 1, '2016-11-01 19:04:29', '2016-11-01 19:04:29'),
(224, 'woOd1ruOyGfJ4IMh4Cljv0DcPXSK25Nk', 1, 1, '2016-11-01 19:05:22', '2016-11-01 19:05:22'),
(225, 'xSfHKhoovm7TKJ8xXuEa6dq8F1DhAt0X', 1, 1, '2016-11-01 19:05:50', '2016-11-01 19:05:50'),
(226, '3SbFZCNsXxuyVgYilRtwdVHAZzSkDnJ5', 1, 1, '2016-11-01 19:10:13', '2016-11-01 19:10:13'),
(227, '4mC8IrH1UdmIAhjxeIMnP8twOCCRbLWI', 1, 1, '2016-11-01 19:14:27', '2016-11-01 19:14:27'),
(228, 'zmy7XM65moJnLN9iC5AIVQLY8bSTdFFQ', 1, 1, '2016-11-01 19:14:54', '2016-11-01 19:14:54'),
(229, 'AQZAGC0Fj4BxqPuywXTzx3xUYeCrL4St', 1, 1, '2016-11-01 19:16:07', '2016-11-01 19:16:07'),
(230, '6PVzUWqJLfYcBlljUjIVELOmiMStOXBC', 1, 1, '2016-11-01 19:18:29', '2016-11-01 19:18:29'),
(231, '7km2EMkiIVRmgmGzNb1LfYAi7PC0mmOf', 1, 1, '2016-11-01 19:20:37', '2016-11-01 19:20:37'),
(232, 'Dji0S7Jma6e1rTwkbyP7mGSKroR3pfwn', 1, 1, '2016-11-01 19:20:53', '2016-11-01 19:20:53'),
(233, 'EOJuCWDW7M6b6URA4p8YYTEGgrCAWEK0', 1, 1, '2016-11-01 19:20:58', '2016-11-01 19:20:58'),
(234, '9NFsQh20zXtQhqHksMXj4BV8BZRCZxs8', 1, 1, '2016-11-01 19:22:58', '2016-11-01 19:22:58'),
(235, 'ah6Wz7WzvDl0Ws3AlEgaGOI4q2C9xWGL', 1, 1, '2016-11-01 19:25:58', '2016-11-01 19:25:58'),
(236, 'Gh2UOslDXOIF7YTlJ04wNwZwKBRcAQoT', 1, 1, '2016-11-01 19:30:36', '2016-11-01 19:30:36'),
(237, 'HLtoxhfdUuAPMZeBCSnmoJLszEBJ7eCw', 1, 1, '2016-11-01 19:37:14', '2016-11-01 19:37:14'),
(238, 'dLpmMCEhmFXuXw4m0ecIvr3UUcRLa8kE', 1, 1, '2016-11-01 19:38:07', '2016-11-01 19:38:07'),
(239, 'efQPvsyQjlQECxpCU6vz7EPQJgBjIwyi', 1, 1, '2016-11-01 19:38:39', '2016-11-01 19:38:39'),
(240, 'KeMOKMXULwdjN3gnitjUdm6i3OQlLqgq', 1, 1, '2016-11-01 19:39:32', '2016-11-01 19:39:32'),
(241, 'KJdhtCRuId5tt5BDbkCLPzTeSRBSjPt3', 1, 1, '2016-11-01 19:39:49', '2016-11-01 19:39:49'),
(242, 'gI9gHXgyaos9DBrnzHr7WhaGcpQVlIcb', 1, 1, '2016-11-01 19:47:50', '2016-11-01 19:47:50'),
(243, 'hdAJrNa774kjjCMDszKXxuWC2tBsT7pO', 1, 1, '2016-11-01 19:48:13', '2016-11-01 19:48:13'),
(244, 'NcwIF7zbzfHYt9CoQVyjEbe4m1QuW08W', 1, 1, '2016-11-01 19:48:54', '2016-11-01 19:48:54'),
(245, 'OGXbpXtKwVz89aYEJNSago00b4A1uplz', 1, 1, '2016-11-01 20:18:44', '2016-11-01 20:18:44'),
(246, 'kGT9DiTPY6WNjGOp7aGvm6hsvCQ4xi4H', 1, 1, '2016-11-01 20:21:59', '2016-11-01 20:21:59'),
(247, 'kakDm7NoVMPXZI9F01ZmYj4olGAB4Hhk', 1, 1, '2016-11-01 20:26:37', '2016-11-01 20:26:37'),
(248, 'QagBBscsnXcC9eZqooNI51lQFePD7B0t', 1, 1, '2016-11-01 20:28:09', '2016-11-01 20:28:09'),
(249, 'REH5ki61kD4MPfkFig7yGe7MuhAbFZd6', 1, 1, '2016-11-01 20:28:45', '2016-11-01 20:28:45'),
(250, 'nDD3zDv6MOrrZMaqGCVUNWpeOPPdITVe', 1, 1, '2016-11-01 20:29:31', '2016-11-01 20:29:31'),
(251, 'o84xispFJujBFNwGzueLp9baDTAKfh9R', 1, 1, '2016-11-01 20:29:43', '2016-11-01 20:29:43'),
(252, 'U70vwNOJbFGgPjmrXR26vRsBYrPNibRZ', 1, 1, '2016-11-01 20:29:58', '2016-11-01 20:29:58'),
(253, 'VCrYgDIi8lyqvlHHQImX74eyNuzkQA5C', 1, 1, '2016-11-01 20:30:06', '2016-11-01 20:30:06'),
(254, 'qBnXuX7nAwW5GRxse5ajeMwZ73PmTtNK', 1, 1, '2016-11-01 20:30:19', '2016-11-01 20:30:19'),
(255, 'r5OqeN1WxcOflSSI7Wt9PZiWW6zTrS1n', 1, 1, '2016-11-01 20:32:34', '2016-11-01 20:32:34'),
(256, 'X5Kps8q0ZnbUwpJsvjhvWHznhEOWtLJv', 1, 1, '2016-11-01 20:33:46', '2016-11-01 20:33:46'),
(257, 'YzbScXkzW334bq4IobBmyUmk6Hzt1aX9', 1, 1, '2016-11-01 20:35:35', '2016-11-01 20:35:35'),
(258, 'p794d8BAyygJFc76frDNx6LofxY0BAgc', 1, 1, '2016-11-01 21:09:59', '2016-11-01 21:09:59'),
(259, 'QKYKt6pUyCcKOFQls4ihdc2FiR05qrID', 1, 1, '2016-11-01 21:11:14', '2016-11-01 21:11:14'),
(260, 'E65sKxJtOFfExN659Nhmn1eAphVm0WQK', 1, 1, '2016-11-01 21:20:15', '2016-11-01 21:20:15'),
(261, 'XXGFxuywycN2KqSkk1LW1kW12cl86Wum', 1, 1, '2016-11-01 21:20:28', '2016-11-01 21:20:28'),
(262, '8BZRCZxs8JmXvM036BCYKaKrMXwF3Wwn', 1, 1, '2016-11-02 10:25:31', '2016-11-02 10:25:31'),
(263, '4q2C9xWGLuA8JgBHqi2BEAwxMB8JEitU', 1, 1, '2016-11-02 10:29:08', '2016-11-02 10:29:08'),
(264, 'wKBRcAQoTKkPseGRevYI4wN7iKfiK9WW', 1, 1, '2016-11-02 10:29:44', '2016-11-02 10:29:44'),
(265, 'szEBJ7eCwwz0GIgvycolYWzdinSllwTt', 1, 1, '2016-11-02 10:30:40', '2016-11-02 10:30:40'),
(266, 'RLa8kEMjHpHlFnpksoRQONwZUsnmvGS2', 1, 1, '2016-11-02 10:37:15', '2016-11-02 10:37:15'),
(267, '2EMkiIVRmgmGzNb1LfYAi7PC0mmOfrDo', 1, 1, '2016-11-02 11:37:20', '2016-11-02 11:37:20'),
(268, '0S7Jma6e1rTwkbyP7mGSKroR3pfwnHn5', 1, 1, '2016-11-02 11:37:58', '2016-11-02 11:37:58'),
(269, 'uCWDW7M6b6URA4p8YYTEGgrCAWEK0sCg', 1, 1, '2016-11-02 11:39:07', '2016-11-02 11:39:07'),
(270, 'BjIwyixySDbVkH6K5ihCTO9BY3Jj2nsQ', 1, 1, '2016-11-02 11:40:43', '2016-11-02 11:40:43'),
(271, 'dev', 1, 1, '2016-11-04 15:32:58', '2016-11-04 15:32:58'),
(272, 'NYqIWmiGwFsfA6JnLpsw8MuGhXaik8km', 1, 1, '2016-11-04 22:00:43', '2016-11-04 22:00:43'),
(273, '0CMfm5ta8lg5xc6Bj1tOEEljipbbrbX2', 1, 1, '2016-11-04 22:00:59', '2016-11-04 22:00:59'),
(274, 'yyzGVzdTG6R3pRPBc4YwFsEiSdGSr6qJ', 1, 1, '2016-11-04 22:01:40', '2016-11-04 22:01:40'),
(275, 'Qois6jLlIv86Dx63lvU4N1fusal8jxWn', 1, 1, '2016-11-04 22:02:37', '2016-11-04 22:02:37'),
(276, 'yvKUpKarTdnVbJkW1EuzDNQrIxQDvHtJ', 1, 1, '2016-11-04 22:09:27', '2016-11-04 22:09:27'),
(277, 'IDcQzbYyMGhWy06DDsSHeUAK3GHQkEbC', 1, 1, '2016-11-04 22:46:22', '2016-11-04 22:46:22'),
(278, 'ycuHMihdNkTNyU2Mx7XZHxmMwit0XXZ0', 1, 1, '2016-11-05 14:12:33', '2016-11-05 14:12:33'),
(279, 'uC9C5TFcdRLzP695qJ3BWlcrS0Mtalx0', 1, 1, '2016-11-05 14:15:07', '2016-11-05 14:15:07'),
(280, 'jrGVgSWxvLvIYG8MbJ1A3vTt66Xig6Xo', 1, 1, '2016-11-05 14:15:32', '2016-11-05 14:15:32'),
(281, '0C5Bke4gF28e0CZQO6RW33tTcz1vdff8', 1, 1, '2016-11-05 14:15:43', '2016-11-05 14:15:43'),
(282, 'AamEfX5mHGD7UWJhjQAGVXVFapX53Kqg', 1, 1, '2016-11-05 14:16:21', '2016-11-05 14:16:21'),
(283, '16w434YPCI0oFEl6HXbNFffP1CM2LDtM', 1, 1, '2016-11-05 14:16:56', '2016-11-05 14:16:56'),
(284, 'lpySJxKGp7g2kIOiXsEhhVsmKcsnlToE', 1, 1, '2016-11-05 14:17:02', '2016-11-05 14:17:02'),
(285, 'x6s2honT4Tn3QabR5kZ9LXwhla15OxbU', 1, 1, '2016-11-05 14:17:38', '2016-11-05 14:17:38'),
(286, 'B9eBICTuB2nrfZpN5zco8nuyPvsa8xRx', 1, 1, '2016-11-05 14:17:46', '2016-11-05 14:17:46'),
(287, 'yATw1eht1zgdvbw7Yci0najdbdLCmVpx', 1, 1, '2016-11-05 14:18:45', '2016-11-05 14:18:45'),
(288, 'noqOcdyOjt0mFLvNJbgZul0fpjXrrGPU', 1, 1, '2016-11-05 14:19:00', '2016-11-05 14:19:00'),
(289, '4zPufzGxtKDSGImRmy6luSAFvM1EoP7F', 1, 1, '2016-11-05 14:19:12', '2016-11-05 14:19:12'),
(290, 'D86xbiHDvo8LA26jSjP5lN2rtCXeeliN', 1, 1, '2016-11-05 14:19:24', '2016-11-05 14:19:24'),
(291, '44gYZoB6qqv2mJH7fqqc55mBkPLbWdki', 1, 1, '2016-11-05 14:19:30', '2016-11-05 14:19:30'),
(292, 'oniLFSmXdPKG0ObjvVTGHLz83pswwuga', 1, 1, '2016-11-05 14:19:46', '2016-11-05 14:19:46'),
(293, 'A3cWdJ0aSBSHwfxSDNeycNE3En1eZ73q', 1, 1, '2016-11-05 14:20:02', '2016-11-05 14:20:02'),
(294, 'F7YuEXvLpKS6V4MOE2rMzdBk8Isjk8J3', 1, 1, '2016-11-05 14:20:29', '2016-11-05 14:20:29'),
(295, 'ByDqWzUKPhKRchT8xExoN0qZuqLLxwg3', 1, 1, '2016-11-05 14:20:37', '2016-11-05 14:20:37'),
(296, 'qmaI8xa56bu0lQSPhEvnVb81HwXBChGr', 1, 1, '2016-11-05 14:20:47', '2016-11-05 14:20:47'),
(297, '7xzobTjOhs7wmNJTV1lKUIHrOZ0NzpZb', 1, 1, '2016-11-05 14:20:52', '2016-11-05 14:20:52'),
(298, 'G6Qr6DkUj6Cqg7skqL4uMD9dMPWnpV9j', 1, 1, '2016-11-05 14:20:59', '2016-11-05 14:20:59'),
(299, '810RUJdne8ZG2O49OTFBwVunD2Ll7OcO', 1, 1, '2016-11-05 14:21:04', '2016-11-05 14:21:04'),
(300, 'sl2FAdYd0xfkGTyl4n858AGUmCrFH47H', 1, 1, '2016-11-05 14:21:11', '2016-11-05 14:21:11'),
(301, 'E1WQ94CrGjmlclUUcftWCDLPXA0naHVX', 1, 1, '2016-11-05 14:26:34', '2016-11-05 14:26:34'),
(302, 'I4Iozi82dsmKBa9QcuGbZ3I6rVrsvIAA', 1, 1, '2016-11-05 14:27:31', '2016-11-05 14:27:31'),
(303, 'FvnjSUw0DZfvSmf957MNeQxLMDKUI68A', 1, 1, '2016-11-05 14:29:32', '2016-11-05 14:29:32'),
(304, 'tjUC3SMmUTZE1WeQQ7KMl0fN0JWKNRyX', 1, 1, '2016-11-05 14:39:07', '2016-11-05 14:39:07'),
(305, 'avji7eV54aCa2S6UtuA9lyPd7c0XL0RI', 1, 1, '2016-11-05 14:39:17', '2016-11-05 14:39:17'),
(306, 'K3Al2YWb7O74WcPmYejSdthZ52WxAv1Q', 1, 1, '2016-11-05 14:39:25', '2016-11-05 14:39:25'),
(307, 'bZKLQ4PE1QulIUramlUZWLB9WfKuio4l', 1, 1, '2016-11-05 14:39:58', '2016-11-05 14:39:58'),
(308, 'viMzwyAuOfJYmYVmCQntzqOGFQrOTEZd', 1, 1, '2016-11-05 14:40:29', '2016-11-05 14:40:29'),
(309, 'HYGK4peIt1R0SqhVKIIl3tSBgN0wliMt', 1, 1, '2016-11-05 14:40:45', '2016-11-05 14:40:45'),
(310, 'L2sivDKj1aRohfvRLXVAqTPSK8rBGis6', 1, 1, '2016-11-05 14:41:07', '2016-11-05 14:41:07'),
(311, 'It7dOe8hqHJayrCbDz1cFGFx5RK3TG06', 1, 1, '2016-11-05 14:42:56', '2016-11-05 14:42:56'),
(312, 'xhEwZdpDIBtjH1BSozZbMQmzjWWTYrqu', 1, 1, '2016-11-05 14:45:12', '2016-11-05 14:45:12'),
(313, 'es3b2zxmSS6PIYsW1WPxLoWYqpZ6WAIe', 1, 1, '2016-11-05 14:45:30', '2016-11-05 14:45:30'),
(314, 'N1keYiysVwBICicnxGyhDjoLofVGL6Tm', 1, 1, '2016-11-05 14:46:26', '2016-11-05 14:46:26'),
(315, 'fXuFMprVPyYZoZOcVO9onBIVfsKDuYWR', 1, 1, '2016-11-05 14:47:17', '2016-11-05 14:47:17'),
(316, 'ygwssTdLCXeD24inaiCSZgVsY3qY4fRK', 1, 1, '2016-11-05 15:58:03', '2016-11-05 15:58:03'),
(317, 'LWqD0KQZhJlEyvEXjaXKuj0mz0ZFwSE0', 1, 1, '2016-11-05 16:36:10', '2016-11-05 16:36:10'),
(318, 'P0cbrYmAPSl2XkSTjqaYQJXE2lqKRTkC', 1, 1, '2016-11-05 16:36:45', '2016-11-05 16:36:45'),
(319, 'ZAGC0Fj4BxqPuywXTzx3xUYeCrL4StpE', 1, 1, '2016-11-05 16:41:38', '2016-11-05 16:41:38'),
(320, 'PImzpiKfGsVqfUgAbSAF64f95I51JxrJ', 1, 1, '2016-11-05 16:41:56', '2016-11-05 16:41:56'),
(321, '8KafT4A25Hz5kosQGl4hMhMSGppB0sjV', 1, 1, '2016-11-05 16:42:09', '2016-11-05 16:42:09'),
(322, 'kNKHOHRPABLK1YyGWMOlGuEY74DgzZSq', 1, 1, '2016-11-05 16:42:10', '2016-11-05 16:42:10'),
(323, 'SeYdpe1PZ0AZXYNUa8eiYXZpcoEVcWj5', 1, 1, '2016-11-05 16:42:39', '2016-11-05 16:42:39'),
(324, 'ABnExHKgN5hRqZMn18DjHIEB2tcK7C6H', 1, 1, '2016-11-05 16:42:40', '2016-11-05 16:42:40'),
(325, 'JWrsTqm4YCpXMvcPFxMUuHNTzrj1MLU0', 1, 1, '2016-11-05 16:43:46', '2016-11-05 16:43:46'),
(326, '6I4prjV2fMO8uJp4DfXHEVbk1RiPGE1x', 1, 1, '2016-11-05 16:45:12', '2016-11-05 16:45:12'),
(327, 'zjlDFtKxwSmERRC5ThurmssNsguKU13o', 1, 1, '2016-11-05 16:45:14', '2016-11-05 16:45:14'),
(328, 'X1DhZbMsFNPDPRkyPOpqvEEXdO9oMiuq', 1, 1, '2016-11-05 16:49:05', '2016-11-05 16:49:05'),
(329, 'BGBO4R4dKv7hKRAYFDQLA2HB6OwYj99Q', 1, 1, '2016-11-05 16:49:06', '2016-11-05 16:49:06'),
(330, 'zB5USMFR9mKOmT56YvRyYMNxNO8TrbzW', 1, 1, '2016-11-05 17:03:13', '2016-11-05 17:03:13'),
(331, '93pQdiYzhDH6xTy2IpZu23Z2da1Msz3j', 1, 1, '2016-11-05 17:03:14', '2016-11-05 17:03:14'),
(332, 'vCxIzatBmxi36A0FwF3xOBqgJLyVsXr8', 1, 1, '2016-11-05 17:04:16', '2016-11-05 17:04:16'),
(333, 'P1jPMoxGlGbi0YtxIS7JYskJIkQSqAS0', 1, 1, '2016-11-05 17:04:17', '2016-11-05 17:04:17'),
(334, '4O8u87Q8y4JiPM0PUQn5gm5SRUPzbAQ0', 1, 1, '2016-11-05 17:08:47', '2016-11-05 17:08:47'),
(335, '2XDP9GwYpvXcwNqDHoTQGDOXGmbwpVsF', 1, 1, '2016-11-05 17:09:02', '2016-11-05 17:09:02'),
(336, '5wGySWxTshchMbq4kHp63rSIqv2KrtCy', 1, 1, '2016-11-05 17:09:09', '2016-11-05 17:09:09'),
(337, 'WGsxkMDsa2b3bQAoz0M44RgdUiZnMBrG', 1, 1, '2016-11-05 17:09:20', '2016-11-05 17:09:20'),
(338, 'nnjAyyS2THO0dNJcShIQH9mF4QLSMmwb', 1, 1, '2016-11-05 17:09:47', '2016-11-05 17:09:47'),
(339, 'UFzI2ORymShOBdhzYFQqdAquwO1kDF43', 1, 1, '2016-11-05 17:09:53', '2016-11-05 17:09:53'),
(340, 'VqXyirBM3YeVMJctAWlo2k1af63KOYNB', 1, 1, '2016-11-05 18:54:09', '2016-11-05 18:54:09'),
(341, 'hw3Wd2XreHF8buNKoRrvJNa7wL6NCJPh', 1, 1, '2016-11-05 18:54:13', '2016-11-05 18:54:13'),
(342, 'laqMA1u0EN8borW29qZMMJU8CNKivD91', 1, 1, '2016-11-05 18:55:14', '2016-11-05 18:55:14'),
(343, 'NFavjTpsqMY8YhrdhSVWcx015IMFMoQC', 1, 1, '2016-11-05 18:55:20', '2016-11-05 18:55:20'),
(344, 'hSDAeopUy1UwjYXn6YTX2eAdGtlC9V29', 1, 1, '2016-11-06 14:11:56', '2016-11-06 14:11:56'),
(345, '5BCz2og8FVSMsgHlm1rbSik8VE3y1cSh', 1, 1, '2016-11-06 19:34:36', '2016-11-06 19:34:36'),
(346, 'pkRuk6BdFFsWDQmhYYNiSUJB50DiN4sY', 1, 1, '2016-11-06 19:38:56', '2016-11-06 19:38:56'),
(347, 'KtHH84j6IaMfFE2KJPAH7ynGzbTNgy5D', 1, 1, '2016-11-06 19:39:45', '2016-11-06 19:39:45'),
(348, 'W0qiPoUmD3YWzOABn3ftfzT8VK1FBqzG', 1, 1, '2016-11-06 19:40:10', '2016-11-06 19:40:10'),
(349, '1V2fo6mZqi2Zmm1QTEMCfYiX9H1UPEW5', 1, 1, '2016-11-06 19:53:30', '2016-11-06 19:53:30'),
(350, 'L4NJTwjzfBCFNUolZxRrN4LjHCiNGLcf', 1, 1, '2016-11-06 19:54:58', '2016-11-06 19:54:58'),
(351, 'YcvAPbH06VYq0ikrhCc97Jz9g0UxUgbS', 1, 1, '2016-11-06 20:04:03', '2016-11-06 20:04:03'),
(352, 'NRRj8DUoEWNexAvqxXu3SSIJfHFwSgi3', 1, 1, '2016-11-06 20:05:17', '2016-11-06 20:05:17'),
(353, 'vT5oktZ94jupWgyMGGEkupJF6LiTJChA', 1, 1, '2016-11-06 20:05:18', '2016-11-06 20:05:18'),
(354, '6QewbjwwbUdss6pwRQIrIDcrRptfFED3', 1, 1, '2016-11-06 20:08:13', '2016-11-06 20:08:13'),
(355, 'XkhA5Ut5TnQfIatiphWXjamrgNjtBETg', 1, 1, '2016-11-06 20:08:13', '2016-11-06 20:08:13'),
(356, 'aBFuaIqT8eHh2Hd0kfbT0sjjwqP6RKsA', 1, 1, '2016-11-06 20:08:34', '2016-11-06 20:08:34'),
(357, 'svpDjipATdFg9SV2ylmJ5dJHdBeMU6Bj', 1, 1, '2016-11-06 20:08:34', '2016-11-06 20:08:34'),
(358, 'Xhm44YejuvHMGZZiDZQcNDrm9vx59Hkg', 1, 1, '2016-11-06 20:10:32', '2016-11-06 20:10:32'),
(359, 'MNxcvUnKiBAfB0nzpHr1bL2tTNRf0U8d', 1, 1, '2016-11-06 20:10:32', '2016-11-06 20:10:32'),
(360, 'pxY5l6opCc3LVdrgvXvt3MJvPx5Wvz1T', 1, 1, '2016-11-06 20:11:13', '2016-11-06 20:11:13'),
(361, 'jIwWZj3bKezdhMz7QO0v8HksnfxAiP5X', 1, 1, '2016-11-06 20:11:13', '2016-11-06 20:11:13'),
(362, 'gEwAwD8purFOqW3m1rNawPQPCpFqx3ez', 1, 1, '2016-11-06 20:12:52', '2016-11-06 20:12:52'),
(363, '051kem0kWeDEmwTRcze6FfDVvSzsUk0g', 1, 1, '2016-11-06 20:12:52', '2016-11-06 20:12:52'),
(364, 'KCY2wIAn43mV5YONOkSAYs2nKcfMTT0R', 1, 1, '2016-11-06 20:13:28', '2016-11-06 20:13:28'),
(365, 'CofeD2sZ9FBIVDaw8M5YvsRchuqLaeiL', 1, 1, '2016-11-06 20:13:28', '2016-11-06 20:13:28'),
(366, 'EJTCFoBjCaJVPynGau7iXs2Z3qLtNQmY', 1, 1, '2016-11-06 20:15:23', '2016-11-06 20:15:23'),
(367, '1Iqc5u4nP8SeA7VYdpQj3uHuWj5cem6G', 1, 1, '2016-11-06 20:15:23', '2016-11-06 20:15:23'),
(368, 'ytDFL6uFtsbyJLykaJWrQBcRn4E3Rna0', 1, 1, '2016-11-06 20:16:16', '2016-11-06 20:16:16'),
(369, 'Sd5bwOewoUYxzH8aFU4SMLCFuX7YSKrM', 1, 1, '2016-11-06 20:16:16', '2016-11-06 20:16:16'),
(370, 'oYHXh9tCXQxzNuY1C4oJM4SS7q1cYDVU', 1, 1, '2016-11-06 21:47:41', '2016-11-06 21:47:41'),
(371, 'bEaI7WSRBuB3ZKtu6G3VjNszr0h7QPBO', 1, 1, '2016-11-06 21:47:41', '2016-11-06 21:47:41'),
(372, 'Mv5SyXzc5MqlXJYLhZ5qDj5O8SPTlrF6', 1, 1, '2016-11-06 22:10:59', '2016-11-06 22:10:59'),
(373, 'ncqsOSroLHATOmcq376X5FEW0dHnowzI', 1, 1, '2016-11-06 22:10:59', '2016-11-06 22:10:59'),
(374, 'HtPt8k3SNXd7ulUTAXfrVKNtRbGccftl', 1, 1, '2016-11-06 22:11:16', '2016-11-06 22:11:16'),
(375, 'kpg84DEgLnJZgC70UPRxxZBiwxovFsQT', 1, 1, '2016-11-06 22:11:16', '2016-11-06 22:11:16'),
(376, 'vDrmLOLBRAhCTcRntmPlGh3w6GQkRM4M', 1, 1, '2016-11-06 22:11:56', '2016-11-06 22:11:56'),
(377, 'wi4jbsGUsYf1q4DEFt9einFLTvvGz5wZ', 1, 1, '2016-11-06 22:11:56', '2016-11-06 22:11:56'),
(378, 'ZC03pySlQYb60doq79tUU6TFAUDgSW9N', 1, 1, '2016-11-06 22:13:12', '2016-11-06 22:13:12'),
(379, 'Z1pSDuSA3cywXvRLyeOVAJQ6fQWRgUyk', 1, 1, '2016-11-06 22:13:12', '2016-11-06 22:13:12'),
(380, 'zR7DdWcwpIRd5MO2JdhSkDY1j77mGgrd', 1, 1, '2016-11-06 22:13:54', '2016-11-06 22:13:54'),
(381, 'Sa9rTqYnc76RJRieZIKmWjby2IOHgxm6', 1, 1, '2016-11-06 22:13:54', '2016-11-06 22:13:54'),
(382, 'giEN7A5dqlgtDGnoIaal9UQaSv7bo3eg', 1, 1, '2016-11-06 22:23:03', '2016-11-06 22:23:03'),
(383, 'E7TK8PjsNLdK71Ot3bPY5lu5b7vaOz62', 1, 1, '2016-11-06 22:23:03', '2016-11-06 22:23:03'),
(384, 'o42y2ptJ7WgznYU91om5Mv6tRb4TYKMr', 1, 1, '2016-11-06 22:26:08', '2016-11-06 22:26:08'),
(385, 'm39IJrHOjLlkNmBkq4prVegKtH6QQOpO', 1, 1, '2016-11-06 22:26:08', '2016-11-06 22:26:08'),
(386, 'BjjPMNfrQZilES4cxUFhm4FgsPboE8No', 1, 1, '2016-11-06 22:35:14', '2016-11-06 22:35:14'),
(387, 'ktBriObjUCFb0RBMX07lz2NzcoJGI4wo', 1, 1, '2016-11-06 22:35:14', '2016-11-06 22:35:14'),
(388, 'v2l8pTKJweJZXh9RjJkPFP8RCiTqhksu', 1, 1, '2016-11-06 22:35:46', '2016-11-06 22:35:46'),
(389, 'dEavwuRtOzTQb56zcMP9YRVx63JdGz68', 1, 1, '2016-11-06 22:35:46', '2016-11-06 22:35:46'),
(390, 'uLqzLMrasHIlFL66XHXSsH7EJuVTTidA', 1, 1, '2016-11-06 22:36:31', '2016-11-06 22:36:31'),
(391, 'wQlaJk8C6vYqIyEwbdypBHv3yJRU8wrW', 1, 1, '2016-11-06 22:36:31', '2016-11-06 22:36:31'),
(392, 'i0hqN5YUaDGABtp3PXAp4Wce3KICZf7a', 1, 1, '2016-11-06 22:37:01', '2016-11-06 22:37:01'),
(393, 'ALRY48TDaJJf6minzp59NG49vxHsVPXG', 1, 1, '2016-11-06 22:37:01', '2016-11-06 22:37:01'),
(394, 'aBm9cAPNBwP8zhkKPaNLC3bJChZM5Gau', 1, 1, '2016-11-06 22:42:36', '2016-11-06 22:42:36'),
(395, 'IBbXJS0MRS72jqtkORxKA3iUkjdSgvff', 1, 1, '2016-11-06 22:42:36', '2016-11-06 22:42:36');

-- --------------------------------------------------------

--
-- Table structure for table `games`
--

CREATE TABLE `games` (
  `id` int(11) NOT NULL,
  `authorisation_token_id` int(11) NOT NULL,
  `pin` varchar(4) NOT NULL,
  `created_at` datetime NOT NULL DEFAULT CURRENT_TIMESTAMP,
  `status` int(11) NOT NULL
) ENGINE=InnoDB DEFAULT CHARSET=latin1;

--
-- Dumping data for table `games`
--

INSERT INTO `games` (`id`, `authorisation_token_id`, `pin`, `created_at`, `status`) VALUES
(1, 271, '', '2016-11-04 20:02:38', 1),
(2, 271, '', '2016-11-04 20:21:14', 1),
(3, 271, '', '2016-11-04 20:21:25', 1),
(4, 271, '', '2016-11-04 20:57:44', 1),
(5, 271, '', '2016-11-04 20:58:10', 1),
(6, 271, '', '2016-11-04 20:58:55', 1),
(7, 271, '', '2016-11-04 21:25:23', 1),
(8, 271, '', '2016-11-04 21:25:26', 1),
(9, 271, '', '2016-11-04 21:25:41', 1),
(10, 271, '', '2016-11-05 16:41:38', 1),
(11, 271, '', '2016-11-05 16:42:09', 1),
(12, 271, '', '2016-11-05 16:42:39', 1),
(13, 271, '', '2016-11-05 16:45:12', 1),
(14, 271, '', '2016-11-05 16:49:05', 1),
(15, 271, '3035', '2016-11-05 17:03:13', 1),
(16, 271, '7559', '2016-11-05 17:04:16', 1),
(17, 271, '1985', '2016-11-05 17:08:47', 1),
(18, 271, '0169', '2016-11-05 17:09:02', 1),
(19, 271, '5489', '2016-11-05 17:09:09', 1),
(20, 271, '2178', '2016-11-05 17:09:47', 1),
(21, 271, '8107', '2016-11-05 18:54:09', 1),
(22, 271, '0318', '2016-11-06 20:05:18', 1),
(23, 271, '2665', '2016-11-06 20:08:13', 1),
(24, 271, '6701', '2016-11-06 20:08:34', 1),
(25, 271, '4656', '2016-11-06 20:10:32', 1),
(26, 271, '0291', '2016-11-06 20:11:13', 1),
(27, 271, '6944', '2016-11-06 20:12:52', 1),
(28, 271, '3538', '2016-11-06 20:13:28', 1),
(29, 271, '7536', '2016-11-06 20:15:24', 1),
(30, 271, '5885', '2016-11-06 20:16:16', 1),
(31, 271, '3203', '2016-11-06 21:47:41', 1),
(32, 271, '3719', '2016-11-06 22:10:59', 1),
(33, 271, '3206', '2016-11-06 22:11:16', 1),
(34, 271, '9801', '2016-11-06 22:11:56', 1),
(35, 271, '8760', '2016-11-06 22:13:12', 1),
(36, 271, '0806', '2016-11-06 22:13:54', 1),
(37, 271, '8146', '2016-11-06 22:19:13', 1),
(38, 271, '9390', '2016-11-06 22:23:03', 1),
(39, 271, '2412', '2016-11-06 22:26:08', 1),
(40, 271, '4529', '2016-11-06 22:35:14', 1),
(41, 271, '2137', '2016-11-06 22:35:46', 1),
(42, 271, '9766', '2016-11-06 22:36:31', 1),
(43, 271, '7829', '2016-11-06 22:37:01', 1),
(44, 271, '1981', '2016-11-06 22:42:36', 1);

-- --------------------------------------------------------

--
-- Table structure for table `market_demand`
--

CREATE TABLE `market_demand` (
  `id` int(11) NOT NULL,
  `itemid` varchar(32) NOT NULL,
  `quantity` int(11) NOT NULL,
  `total_quantity` int(11) NOT NULL,
  `demand_modifier` float NOT NULL,
  `current_demand` float NOT NULL,
  `game_id` int(11) NOT NULL
) ENGINE=InnoDB DEFAULT CHARSET=latin1;

--
-- Dumping data for table `market_demand`
--

INSERT INTO `market_demand` (`id`, `itemid`, `quantity`, `total_quantity`, `demand_modifier`, `current_demand`, `game_id`) VALUES
(1, 'metalzinc', 0, 116, 0, 0, 1),
(2, 'metalcopper', 0, 761, 0, 0, 2),
(3, 'metalcopper', 0, 897, 0, 0, 3),
(4, 'metalzinc', 0, 227, 0, 0, 4),
(5, 'metalcopper', 0, 763, 0, 0, 5),
(6, 'metalzinc', 0, 175, 0, 0, 6),
(7, 'metalzinc', 0, 429, 0, 0, 7),
(8, 'metalzinc', 0, 404, 0, 0, 8),
(9, 'metalzinc', 0, 489, 0, 0, 9),
(10, 'metalzinc', 0, 892, 0, 0, 10),
(11, 'metalzinc', 0, 655, 0, 0, 11),
(12, 'metalzinc', 0, 530, 0, 0, 12),
(13, 'metalcopper', 0, 375, 0, 0, 13),
(14, 'metalcopper', 0, 579, 0, 0, 14),
(15, 'metalzinc', 0, 864, 0, 0, 15),
(16, 'metalzinc', 0, 403, 0, 0, 16),
(17, 'metalcopper', 0, 202, 0, 0, 17),
(18, 'metalcopper', 0, 434, 0, 0, 18),
(19, 'metalzinc', 0, 41, 0, 0, 19),
(20, 'metalcopper', 0, 206, 0, 0, 20),
(21, 'metalzinc', 0, 428, 0, 0, 21),
(22, 'metalcopper', 0, 679, 0, 0, 22),
(23, 'metalcopper', 0, 391, 0, 0, 23),
(24, 'metalcopper', 0, 245, 0, 0, 24),
(25, 'metalzinc', 0, 214, 0, 0, 25),
(26, 'metalzinc', 0, 919, 0, 0, 26),
(27, 'metalzinc', 0, 480, 0, 0, 27),
(28, 'metalzinc', 0, 726, 0, 0, 28),
(29, 'metalzinc', 0, 465, 0, 0, 29),
(30, 'metalzinc', 0, 414, 0, 0, 30),
(31, 'metalcopper', 0, 608, 0, 0, 31),
(32, 'metalcopper', 0, 673, 0, 0, 32),
(33, 'metalcopper', 0, 810, 0, 0, 33),
(34, 'metalzinc', 0, 996, 0, 0, 34),
(35, 'metalzinc', 0, 810, 0, 0, 35),
(36, 'metalcopper', 0, 281, 0, 0, 36),
(37, 'metalzinc', 0, 245, 0, 0, 37),
(38, 'metalbrass', 0, 455, 0, 0, 38),
(39, 'metalcopper', 0, 859, 0, 0, 39),
(40, 'metalcopper', 0, 716, 0, 0, 40),
(41, 'metalbrass', 0, 961, 0, 0, 41),
(42, 'metalbrass', 0, 775, 0, 0, 42),
(43, 'metalcopper', 0, 565, 0, 0, 43),
(44, 'metalcopper', 0, 559, 0, 0, 44);

-- --------------------------------------------------------

--
-- Table structure for table `market_item_demands`
--

CREATE TABLE `market_item_demands` (
  `id` varchar(32) NOT NULL,
  `chance` float NOT NULL
) ENGINE=InnoDB DEFAULT CHARSET=latin1;

--
-- Dumping data for table `market_item_demands`
--

INSERT INTO `market_item_demands` (`id`, `chance`) VALUES
('metalbrass', 1),
('metalcopper', 5),
('metalzinc', 8);

-- --------------------------------------------------------

--
-- Table structure for table `market_session_cache`
--

CREATE TABLE `market_session_cache` (
  `id` int(11) NOT NULL,
  `session_id` int(11) NOT NULL,
  `version` varchar(32) NOT NULL,
  `last_used_at` timestamp NOT NULL DEFAULT CURRENT_TIMESTAMP ON UPDATE CURRENT_TIMESTAMP
) ENGINE=InnoDB DEFAULT CHARSET=latin1;

--
-- Dumping data for table `market_session_cache`
--

INSERT INTO `market_session_cache` (`id`, `session_id`, `version`, `last_used_at`) VALUES
(5, 15, 'DvSPtKmMFYmnxj9l', '2016-11-06 20:05:18'),
(6, 15, 'DvSPtKmMFYmnxj9l', '2016-11-06 20:05:27'),
(7, 15, 'DvSPtKmMFYmnxj9l', '2016-11-06 20:05:58'),
(8, 15, 'DvSPtKmMFYmnxj9l', '2016-11-06 20:06:59'),
(9, 15, 'DvSPtKmMFYmnxj9l', '2016-11-06 20:07:15'),
(10, 15, 'DvSPtKmMFYmnxj9l', '2016-11-06 20:07:59'),
(11, 15, 'DvSPtKmMFYmnxj9l', '2016-11-06 20:08:06'),
(12, 16, 'DvSPtKmMFYmnxj9l', '2016-11-06 20:08:13'),
(13, 16, 'DvSPtKmMFYmnxj9l', '2016-11-06 20:08:21'),
(14, 17, 'DvSPtKmMFYmnxj9l', '2016-11-06 20:08:34'),
(15, 17, 'DvSPtKmMFYmnxj9l', '2016-11-06 20:08:34'),
(16, 16, 'DvSPtKmMFYmnxj9l', '2016-11-06 20:09:40'),
(17, 18, 'DvSPtKmMFYmnxj9l', '2016-11-06 20:10:32'),
(18, 19, 'DvSPtKmMFYmnxj9l', '2016-11-06 20:11:13'),
(19, 20, 'DvSPtKmMFYmnxj9l', '2016-11-06 20:12:52'),
(20, 21, 'DvSPtKmMFYmnxj9a', '2016-11-06 20:13:28'),
(21, 21, 'DvSPtKmMFYmnxj9j', '2016-11-06 20:13:33'),
(22, 21, 'DvSPtKmMFYmnxj9j', '2016-11-06 20:13:34'),
(23, 21, 'DvSPtKmMFYmnxj9j', '2016-11-06 20:13:35'),
(24, 21, 'DvSPtKmMFYmnxj9j', '2016-11-06 20:13:36'),
(25, 21, 'DvSPtKmMFYmnxj9j', '2016-11-06 20:13:37'),
(26, 21, 'DvSPtKmMFYmnxj9j', '2016-11-06 20:13:38'),
(27, 21, 'DvSPtKmMFYmnxj9j', '2016-11-06 20:13:40'),
(28, 21, 'DvSPtKmMFYmnxj9j', '2016-11-06 20:13:41'),
(29, 21, 'DvSPtKmMFYmnxj9j', '2016-11-06 20:13:42'),
(30, 21, 'DvSPtKmMFYmnxj9j', '2016-11-06 20:13:43'),
(31, 21, 'DvSPtKmMFYmnxj9j', '2016-11-06 20:13:44'),
(32, 21, 'DvSPtKmMFYmnxj9j', '2016-11-06 20:13:45'),
(33, 21, 'DvSPtKmMFYmnxj9j', '2016-11-06 20:13:46'),
(34, 21, 'DvSPtKmMFYmnxj9j', '2016-11-06 20:13:47'),
(35, 21, 'DvSPtKmMFYmnxj9j', '2016-11-06 20:13:48'),
(36, 21, 'DvSPtKmMFYmnxj9j', '2016-11-06 20:13:49'),
(37, 21, 'DvSPtKmMFYmnxj9j', '2016-11-06 20:13:50'),
(38, 21, 'DvSPtKmMFYmnxj9j', '2016-11-06 20:13:51'),
(39, 21, 'DvSPtKmMFYmnxj9j', '2016-11-06 20:13:52'),
(40, 21, 'DvSPtKmMFYmnxj9j', '2016-11-06 20:13:53'),
(41, 21, 'DvSPtKmMFYmnxj9j', '2016-11-06 20:13:54'),
(42, 21, 'DvSPtKmMFYmnxj9j', '2016-11-06 20:13:55'),
(43, 21, 'DvSPtKmMFYmnxj9j', '2016-11-06 20:13:56'),
(44, 21, 'DvSPtKmMFYmnxj9j', '2016-11-06 20:13:57'),
(45, 21, 'DvSPtKmMFYmnxj9j', '2016-11-06 20:13:58'),
(46, 21, 'DvSPtKmMFYmnxj9j', '2016-11-06 20:13:59'),
(47, 22, 'DvSPtKmMFYmnxj9j', '2016-11-06 20:15:24'),
(48, 22, 'DvSPtKmMFYmnxj9k', '2016-11-06 20:15:43'),
(50, 23, 'DvSPtKmMFYmnxj9k', '2016-11-06 20:16:16'),
(51, 23, 'DvSPtKmMFYmnxj9h', '2016-11-06 20:16:28'),
(52, 23, 'DvSPtKmMFYmnxj9h', '2016-11-06 20:16:31'),
(53, 32, 'DvSPtKmMFYmnxj9h', '2016-11-06 22:33:29'),
(54, 33, 'DvSPtKmMFYmnxj9h', '2016-11-06 22:35:14'),
(55, 34, 'DvSPtKmMFYmnxj9h', '2016-11-06 22:35:46'),
(56, 35, 'DvSPtKmMFYmnxj9b', '2016-11-06 22:36:31'),
(57, 36, 'DvSPtKmMFYmnxj9a', '2016-11-06 22:42:24'),
(58, 37, 'DvSPtKmMFYmnxj9b', '2016-11-06 22:42:51');

-- --------------------------------------------------------

--
-- Table structure for table `market_version`
--

CREATE TABLE `market_version` (
  `id` int(11) NOT NULL,
  `version_id` varchar(32) NOT NULL,
  `game_id` int(11) NOT NULL,
  `updated_at` timestamp NOT NULL DEFAULT CURRENT_TIMESTAMP ON UPDATE CURRENT_TIMESTAMP
) ENGINE=InnoDB DEFAULT CHARSET=latin1;

--
-- Dumping data for table `market_version`
--

INSERT INTO `market_version` (`id`, `version_id`, `game_id`, `updated_at`) VALUES
(1, 'DvSPtKmMFYmnxj9b', 44, '2016-11-06 22:42:48');

-- --------------------------------------------------------

--
-- Table structure for table `scores`
--

CREATE TABLE `scores` (
  `id` int(11) NOT NULL,
  `score` int(11) NOT NULL,
  `name` varchar(32) NOT NULL,
  `authorisation_token_id` int(11) NOT NULL,
  `created_at` timestamp NOT NULL DEFAULT CURRENT_TIMESTAMP
) ENGINE=InnoDB DEFAULT CHARSET=latin1;

--
-- Dumping data for table `scores`
--

INSERT INTO `scores` (`id`, `score`, `name`, `authorisation_token_id`, `created_at`) VALUES
(1, 100, 'Lewis The Winner', 1, '2016-10-23 15:44:22'),
(4, 5000, 'Lewis', 5, '2016-10-23 16:55:47'),
(5, 5000, 'Lewis', 14, '2016-10-23 17:47:18'),
(6, 5000, 'Lewis', 15, '2016-10-23 17:47:28'),
(7, 5000, 'Lewis', 16, '2016-10-23 17:59:12');

-- --------------------------------------------------------

--
-- Table structure for table `sessions`
--

CREATE TABLE `sessions` (
  `id` int(11) NOT NULL,
  `game_id` int(11) NOT NULL,
  `authorisation_token_id` int(11) NOT NULL,
  `created_at` datetime NOT NULL DEFAULT CURRENT_TIMESTAMP,
  `last_used_at` datetime DEFAULT CURRENT_TIMESTAMP ON UPDATE CURRENT_TIMESTAMP
) ENGINE=InnoDB DEFAULT CHARSET=latin1;

--
-- Dumping data for table `sessions`
--

INSERT INTO `sessions` (`id`, `game_id`, `authorisation_token_id`, `created_at`, `last_used_at`) VALUES
(1, 7, 271, '2016-11-04 21:25:23', '2016-11-04 21:25:23'),
(2, 9, 271, '2016-11-04 21:25:41', '2016-11-04 21:25:41'),
(3, 10, 319, '2016-11-05 16:41:38', '2016-11-05 16:41:38'),
(4, 11, 321, '2016-11-05 16:42:09', '2016-11-05 16:42:09'),
(5, 12, 323, '2016-11-05 16:42:39', '2016-11-05 16:42:39'),
(6, 13, 326, '2016-11-05 16:45:12', '2016-11-05 16:45:12'),
(7, 14, 328, '2016-11-05 16:49:05', '2016-11-05 16:49:05'),
(8, 15, 330, '2016-11-05 17:03:13', '2016-11-05 17:03:13'),
(9, 16, 332, '2016-11-05 17:04:16', '2016-11-05 17:04:16'),
(10, 17, 334, '2016-11-05 17:08:47', '2016-11-05 17:08:47'),
(11, 18, 335, '2016-11-05 17:09:02', '2016-11-05 17:09:02'),
(12, 19, 336, '2016-11-05 17:09:09', '2016-11-05 17:09:09'),
(13, 20, 338, '2016-11-05 17:09:47', '2016-11-05 17:09:47'),
(14, 21, 340, '2016-11-05 18:54:09', '2016-11-05 18:54:09'),
(15, 22, 353, '2016-11-06 20:05:18', '2016-11-06 20:05:18'),
(16, 23, 355, '2016-11-06 20:08:13', '2016-11-06 20:08:13'),
(17, 24, 357, '2016-11-06 20:08:34', '2016-11-06 20:08:34'),
(18, 25, 359, '2016-11-06 20:10:32', '2016-11-06 20:10:32'),
(19, 26, 361, '2016-11-06 20:11:13', '2016-11-06 20:11:13'),
(20, 27, 363, '2016-11-06 20:12:52', '2016-11-06 20:12:52'),
(21, 28, 365, '2016-11-06 20:13:28', '2016-11-06 20:13:28'),
(22, 29, 367, '2016-11-06 20:15:24', '2016-11-06 20:15:24'),
(23, 30, 369, '2016-11-06 20:16:16', '2016-11-06 20:16:16'),
(24, 31, 371, '2016-11-06 21:47:41', '2016-11-06 21:47:41'),
(25, 32, 373, '2016-11-06 22:10:59', '2016-11-06 22:10:59'),
(26, 33, 375, '2016-11-06 22:11:16', '2016-11-06 22:11:16'),
(27, 34, 377, '2016-11-06 22:11:56', '2016-11-06 22:11:56'),
(28, 35, 379, '2016-11-06 22:13:12', '2016-11-06 22:13:12'),
(29, 36, 381, '2016-11-06 22:13:54', '2016-11-06 22:13:54'),
(30, 37, 381, '2016-11-06 22:19:13', '2016-11-06 22:19:13'),
(31, 38, 383, '2016-11-06 22:23:03', '2016-11-06 22:23:03'),
(32, 39, 385, '2016-11-06 22:26:08', '2016-11-06 22:26:08'),
(33, 40, 387, '2016-11-06 22:35:14', '2016-11-06 22:35:14'),
(34, 41, 389, '2016-11-06 22:35:46', '2016-11-06 22:35:46'),
(35, 42, 391, '2016-11-06 22:36:31', '2016-11-06 22:36:31'),
(36, 43, 393, '2016-11-06 22:37:01', '2016-11-06 22:37:01'),
(37, 44, 395, '2016-11-06 22:42:36', '2016-11-06 22:42:36');

--
-- Indexes for dumped tables
--

--
-- Indexes for table `authorisation_keys`
--
ALTER TABLE `authorisation_keys`
  ADD PRIMARY KEY (`id`),
  ADD UNIQUE KEY `authorisation_key` (`authorisation_key`);

--
-- Indexes for table `authorisation_tokens`
--
ALTER TABLE `authorisation_tokens`
  ADD PRIMARY KEY (`id`),
  ADD KEY `authorisation_token` (`authorisation_token`),
  ADD KEY `authorisation_key_id` (`authorisation_key_id`);

--
-- Indexes for table `games`
--
ALTER TABLE `games`
  ADD PRIMARY KEY (`id`),
  ADD KEY `autorisation_token_id` (`authorisation_token_id`);

--
-- Indexes for table `market_demand`
--
ALTER TABLE `market_demand`
  ADD PRIMARY KEY (`id`),
  ADD KEY `game_id` (`game_id`);

--
-- Indexes for table `market_item_demands`
--
ALTER TABLE `market_item_demands`
  ADD PRIMARY KEY (`id`);

--
-- Indexes for table `market_session_cache`
--
ALTER TABLE `market_session_cache`
  ADD PRIMARY KEY (`id`),
  ADD KEY `session_id` (`session_id`);

--
-- Indexes for table `market_version`
--
ALTER TABLE `market_version`
  ADD PRIMARY KEY (`id`),
  ADD UNIQUE KEY `uid` (`version_id`),
  ADD KEY `game_id` (`game_id`);

--
-- Indexes for table `scores`
--
ALTER TABLE `scores`
  ADD PRIMARY KEY (`id`),
  ADD KEY `authorisation_token_id` (`authorisation_token_id`);

--
-- Indexes for table `sessions`
--
ALTER TABLE `sessions`
  ADD PRIMARY KEY (`id`),
  ADD KEY `game_id` (`game_id`),
  ADD KEY `authorisation_token_id` (`authorisation_token_id`);

--
-- AUTO_INCREMENT for dumped tables
--

--
-- AUTO_INCREMENT for table `authorisation_keys`
--
ALTER TABLE `authorisation_keys`
  MODIFY `id` int(11) NOT NULL AUTO_INCREMENT, AUTO_INCREMENT=2;
--
-- AUTO_INCREMENT for table `authorisation_tokens`
--
ALTER TABLE `authorisation_tokens`
  MODIFY `id` int(11) NOT NULL AUTO_INCREMENT, AUTO_INCREMENT=396;
--
-- AUTO_INCREMENT for table `games`
--
ALTER TABLE `games`
  MODIFY `id` int(11) NOT NULL AUTO_INCREMENT, AUTO_INCREMENT=45;
--
-- AUTO_INCREMENT for table `market_demand`
--
ALTER TABLE `market_demand`
  MODIFY `id` int(11) NOT NULL AUTO_INCREMENT, AUTO_INCREMENT=45;
--
-- AUTO_INCREMENT for table `market_session_cache`
--
ALTER TABLE `market_session_cache`
  MODIFY `id` int(11) NOT NULL AUTO_INCREMENT, AUTO_INCREMENT=59;
--
-- AUTO_INCREMENT for table `market_version`
--
ALTER TABLE `market_version`
  MODIFY `id` int(11) NOT NULL AUTO_INCREMENT, AUTO_INCREMENT=2;
--
-- AUTO_INCREMENT for table `scores`
--
ALTER TABLE `scores`
  MODIFY `id` int(11) NOT NULL AUTO_INCREMENT, AUTO_INCREMENT=8;
--
-- AUTO_INCREMENT for table `sessions`
--
ALTER TABLE `sessions`
  MODIFY `id` int(11) NOT NULL AUTO_INCREMENT, AUTO_INCREMENT=38;
--
-- Constraints for dumped tables
--

--
-- Constraints for table `authorisation_tokens`
--
ALTER TABLE `authorisation_tokens`
  ADD CONSTRAINT `authorisation_tokens_ibfk_1` FOREIGN KEY (`authorisation_key_id`) REFERENCES `authorisation_keys` (`id`);

--
-- Constraints for table `games`
--
ALTER TABLE `games`
  ADD CONSTRAINT `games_ibfk_1` FOREIGN KEY (`authorisation_token_id`) REFERENCES `authorisation_tokens` (`id`);

--
-- Constraints for table `market_demand`
--
ALTER TABLE `market_demand`
  ADD CONSTRAINT `market_demand_ibfk_1` FOREIGN KEY (`game_id`) REFERENCES `games` (`id`);

--
-- Constraints for table `market_session_cache`
--
ALTER TABLE `market_session_cache`
  ADD CONSTRAINT `market_session_cache_ibfk_1` FOREIGN KEY (`session_id`) REFERENCES `sessions` (`id`);

--
-- Constraints for table `scores`
--
ALTER TABLE `scores`
  ADD CONSTRAINT `scores_ibfk_1` FOREIGN KEY (`authorisation_token_id`) REFERENCES `authorisation_tokens` (`id`);

--
-- Constraints for table `sessions`
--
ALTER TABLE `sessions`
  ADD CONSTRAINT `sessions_ibfk_1` FOREIGN KEY (`game_id`) REFERENCES `games` (`id`),
  ADD CONSTRAINT `sessions_ibfk_2` FOREIGN KEY (`authorisation_token_id`) REFERENCES `authorisation_tokens` (`id`);

/*!40101 SET CHARACTER_SET_CLIENT=@OLD_CHARACTER_SET_CLIENT */;
/*!40101 SET CHARACTER_SET_RESULTS=@OLD_CHARACTER_SET_RESULTS */;
/*!40101 SET COLLATION_CONNECTION=@OLD_COLLATION_CONNECTION */;
